Date,Company,Sector,Revenue,Cost,Region
2026-01-05,Apple,Technology,120000,80000,USA
2026-01-12,Microsoft,Technology,110000,72000,USA
2026-01-19,Tesla,Automotive,90000,70000,USA
2026-01-26,Barclays,Banking,85000,50000,UK
2026-02-02,HSBC,Banking,95000,55000,UK
2026-02-09,Apple,Technology,130000,85000,USA
2026-02-16,Microsoft,Technology,125000,78000,USA
2026-02-23,Tesla,Automotive,,68000,USA
2026-03-02,Barclays,Banking,92000,52000,UK
2026-03-09,HSBC,Banking,97000,57000,UK
2026-03-16,apple,Technology,140000,90000,USA
2026-03-23,Microsoft,Technology,135000,82000,USA
2026-03-30,Tesla,Automotive,100000,72000,USA
2026-04-06,Barclays,Banking,95000,,UK
2026-04-13,HSBC,Banking,105000,60000,UK
2026-04-20,Apple,Technology,145000,92000,usa
2026-04-27,Microsoft,Technology,138000,84000,USA
2026-05-04,Tesla,Automotive,102000,74000,USA
2026-05-11,Barclays,Banking,98000,56000,UK
2026-05-18,HSBC,Banking,108000,62000,UK
2026-05-25,Apple,Technology,150000,95000,USA
2026-06-01,Microsoft,Technology,142000,86000,USA
2026-06-08,Tesla,Automotive,106000,76000,USA
2026-06-15,Barclays,Banking,101000,58000,UK
2026-06-22,HSBC,Banking,112000,64000,UK
2026-06-22,HSBC,Banking,112000,64000,UK