Date,Company,Sector,Revenue,Cost,Region,Profit,Profit_Margin_%,Month
2026-01-05,Apple,Technology,120000.0,80000.0,USA,40000.0,33.33,2026-01
2026-01-12,Microsoft,Technology,110000.0,72000.0,USA,38000.0,34.55,2026-01
2026-01-19,Tesla,Automotive,90000.0,70000.0,USA,20000.0,22.22,2026-01
2026-01-26,Barclays,Banking,85000.0,50000.0,UK,35000.0,41.18,2026-01
2026-02-02,Hsbc,Banking,95000.0,55000.0,UK,40000.0,42.11,2026-02
2026-02-09,Apple,Technology,130000.0,85000.0,USA,45000.0,34.62,2026-02
2026-02-16,Microsoft,Technology,125000.0,78000.0,USA,47000.0,37.6,2026-02
2026-02-23,Tesla,Automotive,101000.0,68000.0,USA,33000.0,32.67,2026-02
2026-03-02,Barclays,Banking,92000.0,52000.0,UK,40000.0,43.48,2026-03
2026-03-09,Hsbc,Banking,97000.0,57000.0,UK,40000.0,41.24,2026-03
2026-03-16,Apple,Technology,140000.0,90000.0,USA,50000.0,35.71,2026-03
2026-03-23,Microsoft,Technology,135000.0,82000.0,USA,53000.0,39.26,2026-03
2026-03-30,Tesla,Automotive,100000.0,72000.0,USA,28000.0,28.0,2026-03
2026-04-06,Barclays,Banking,95000.0,54000.0,UK,41000.0,43.16,2026-04
2026-04-13,Hsbc,Banking,105000.0,60000.0,UK,45000.0,42.86,2026-04
2026-04-20,Apple,Technology,145000.0,92000.0,USA,53000.0,36.55,2026-04
2026-04-27,Microsoft,Technology,138000.0,84000.0,USA,54000.0,39.13,2026-04
2026-05-04,Tesla,Automotive,102000.0,74000.0,USA,28000.0,27.45,2026-05
2026-05-11,Barclays,Banking,98000.0,56000.0,UK,42000.0,42.86,2026-05
2026-05-18,Hsbc,Banking,108000.0,62000.0,UK,46000.0,42.59,2026-05
2026-05-25,Apple,Technology,150000.0,95000.0,USA,55000.0,36.67,2026-05
2026-06-01,Microsoft,Technology,142000.0,86000.0,USA,56000.0,39.44,2026-06
2026-06-08,Tesla,Automotive,106000.0,76000.0,USA,30000.0,28.3,2026-06
2026-06-15,Barclays,Banking,101000.0,58000.0,UK,43000.0,42.57,2026-06
2026-06-22,Hsbc,Banking,112000.0,64000.0,UK,48000.0,42.86,2026-06
